Workbook

Sheet 📅 Calendario Prove
A2: 🎭 TEATRO · CALENDARIO PROVE
A4: DATA_ISO | B4: DATA | C4: SCENA | D4: 📌 REMINDER | E4: Attore1 | F4: Attore2 | G4: Attore3 | H4: Attore4 | I4: Attore5 | J4: Attore6 | K4: Attore7 | L4: Attore8 | M4: Attore9 | N4: Attore10 | O4: Attore11 | P4: Attore12 | Q4: Attore13 | R4: Attore14 | S4: ✅ PRESENTI | T4: EVENTO_CREATO | U4: EVENT_ID
S5: =COUNTIF(E5:R5,"✓") -> 0
S6: =COUNTIF(E6:R6,"✓") -> 0
S7: =COUNTIF(E7:R7,"✓") -> 0
S8: =COUNTIF(E8:R8,"✓") -> 0
S9: =COUNTIF(E9:R9,"✓") -> 0
S10: =COUNTIF(E10:R10,"✓") -> 0
S11: =COUNTIF(E11:R11,"✓") -> 0
S12: =COUNTIF(E12:R12,"✓") -> 0
S13: =COUNTIF(E13:R13,"✓") -> 0
S14: =COUNTIF(E14:R14,"✓") -> 0
S15: =COUNTIF(E15:R15,"✓") -> 0
S16: =COUNTIF(E16:R16,"✓") -> 0
... S89: =COUNTIF(E89:R89,"✓") -> 0
A90: TOTALE | C90: Presenze totali per attore | E90: =COUNTIF(E5:E89,"✓") -> 0 | F90: =COUNTIF(F5:F89,"✓") -> 0 | G90: =COUNTIF(G5:G89,"✓") -> 0 | H90: =COUNTIF(H5:H89,"✓") -> 0 | I90: =COUNTIF(I5:I89,"✓") -> 0 | J90: =COUNTIF(J5:J89,"✓") -> 0 | K90: =COUNTIF(K5:K89,"✓") -> 0 | L90: =COUNTIF(L5:L89,"✓") -> 0 | ... R90: =COUNTIF(R5:R89,"✓") -> 0 | S90: =SUM(S5:S89) -> 0
A92: LEGENDA: | E92: ✓ = Presente | F92: ✗ = Assente | G92: ? = Da conf.

Sheet 👥 Attori
A2: 🎭 ANAGRAFICA COMPAGNIA
A4: # | B4: NOME E COGNOME | C4: RUOLO | D4: VESTITI | E4: OGGETTI | F4: EMAIL | G4: NOTE | H4: % PRESENZE
A5: 1 | B5: Attore1 | H5: ='📅 Calendario Prove'!E90/85 -> 0
A6: 2 | B6: Attore2 | H6: ='📅 Calendario Prove'!F90/85 -> 0
A7: 3 | B7: Attore3 | H7: ='📅 Calendario Prove'!G90/85 -> 0
A8: 4 | B8: Attore4 | H8: ='📅 Calendario Prove'!H90/85 -> 0
A9: 5 | B9: Attore5 | H9: ='📅 Calendario Prove'!I90/85 -> 0
A10: 6 | B10: Attore6 | H10: ='📅 Calendario Prove'!J90/85 -> 0
A11: 7 | B11: Attore7 | H11: ='📅 Calendario Prove'!K90/85 -> 0
A12: 8 | B12: Attore8 | H12: ='📅 Calendario Prove'!L90/85 -> 0
A13: 9 | B13: Attore9 | H13: ='📅 Calendario Prove'!M90/85 -> 0
A14: 10 | B14: Attore10 | H14: ='📅 Calendario Prove'!N90/85 -> 0
A15: 11 | B15: Attore11 | H15: ='📅 Calendario Prove'!O90/85 -> 0
A16: 12 | B16: Attore12 | H16: ='📅 Calendario Prove'!P90/85 -> 0
A17: 13 | B17: Attore13 | H17: ='📅 Calendario Prove'!Q90/85 -> 0
A18: 14 | B18: Attore14 | H18: ='📅 Calendario Prove'!R90/85 -> 0

Sheet Settings
A1: CALENDAR_ID
A2: aaaaaa@testid
